method,model,rmse,score,adjr2,mae
Baseline,MLR,162554.0271,0.713739,0.614099,97264.37442
Baseline,CatBoost,145346.8324,0.801108,0.745209,84938.80666
Baseline,RandomForest,129111.5787,0.823694,0.784938,80804.73348
Baseline,GradientBoost,127430.7136,0.815598,0.766166,79036.39724
Baseline,XGBoost,135311.5056,0.817183,0.784815,77666.92004
Baseline,MLR,323598.4212,0.708549,0.602017,104903.6576
Baseline,CatBoost,128440.4518,0.805778,0.759898,79474.25549
Baseline,RandomForest,143800.9564,0.799541,0.739674,83969.28044
Baseline,GradientBoost,147040.4772,0.804953,0.756803,84838.8669
Baseline,XGBoost,135300.8007,0.815213,0.780702,81700.04211
Baseline,MLR,266378.3271,0.699873,0.620013,105616.3118
Baseline,CatBoost,138649.5836,0.820058,0.768864,83567.24688
Baseline,RandomForest,143985.3902,0.803183,0.741273,86437.83958
Baseline,GradientBoost,137836.0645,0.810506,0.757492,83743.37306
Baseline,XGBoost,144187.8946,0.807114,0.761264,83520.1512
Baseline,MLR,167146.1881,0.73398,0.640563,98655.75186
Baseline,CatBoost,130605.9545,0.814531,0.769207,82131.36643
Baseline,RandomForest,142727.7398,0.811265,0.762338,83930.9327
Baseline,GradientBoost,135766.1369,0.812567,0.761642,83438.50582
Baseline,XGBoost,130906.7545,0.802746,0.768722,80424.96516
Baseline,MLR,170054.3655,0.733732,0.640763,99795.6841
Baseline,CatBoost,124146.5782,0.82088,0.778349,77225.76054
Baseline,RandomForest,129500.1668,0.817841,0.766531,81361.9017
Baseline,GradientBoost,134789.384,0.792579,0.743358,81639.62756
Baseline,XGBoost,126935.4198,0.815316,0.785974,78238.84312
Baseline,MLR,455944.1029,0.690673,0.610434,109447.1277
Baseline,CatBoost,131686.3327,0.801171,0.752442,81001.257
Baseline,RandomForest,146011.1871,0.799915,0.743506,86140.3591
Baseline,GradientBoost,144582.6958,0.820391,0.768129,83721.13137
Baseline,XGBoost,134319.6167,0.824123,0.790796,78841.68619
Baseline,MLR,174383.8535,0.736117,0.644258,99869.15041
Baseline,CatBoost,135912.7503,0.815807,0.775756,84097.18034
Baseline,RandomForest,133518.8638,0.796084,0.740702,82024.96634
Baseline,GradientBoost,137635.0669,0.810618,0.760437,83401.93413
Baseline,XGBoost,134821.6124,0.821056,0.788912,79605.18033
Baseline,MLR,174284.2193,0.736924,0.640024,100970.4272
Baseline,CatBoost,138495.2901,0.795664,0.740671,83364.89106
Baseline,RandomForest,135403.4127,0.792202,0.744445,83428.33204
Baseline,GradientBoost,131344.028,0.822439,0.770519,80780.38965
Baseline,XGBoost,133137.4214,0.811899,0.784481,81186.04789
Baseline,MLR,165847.8408,0.72401,0.617755,98971.83415
Baseline,CatBoost,136635.8861,0.800859,0.752896,83200.04995
Baseline,RandomForest,140593.2141,0.815761,0.761642,85167.86847
Baseline,GradientBoost,133705.086,0.823562,0.766135,79729.0556
Baseline,XGBoost,130691.1221,0.823818,0.795083,78363.06424
Baseline,MLR,225454.4163,0.70997,0.606165,100683.7321
Baseline,CatBoost,137610.9913,0.815729,0.759685,82781.19474
Baseline,RandomForest,143470.7624,0.803441,0.741166,85666.23559
Baseline,GradientBoost,126080.373,0.824254,0.781766,79259.55499
Baseline,XGBoost,133917.6607,0.814259,0.773903,78569.3174
Baseline,MLR,256385.7708,0.711924,0.623766,98402.45101
Baseline,CatBoost,137146.0065,0.813632,0.760927,82161.30314
Baseline,RandomForest,142038.4136,0.811619,0.758532,81633.37009
Baseline,GradientBoost,145653.1344,0.796895,0.741425,85892.52928
Baseline,XGBoost,145365.311,0.784589,0.74293,83561.65774
Baseline,MLR,1.40E+26,-8.897117,0.04656,3.13E+24
Baseline,CatBoost,140252.53,0.810622,0.753831,82084.32883
Baseline,RandomForest,131918.738,0.828336,0.783299,80833.88528
Baseline,GradientBoost,145790.0663,0.80515,0.754921,84628.52559
Baseline,XGBoost,140522.8849,0.821278,0.786406,80974.1168
Baseline,MLR,421168.2801,0.71242,0.630881,108746.778
Baseline,CatBoost,133584.8923,0.809951,0.766879,80143.70264
Baseline,RandomForest,142677.049,0.812308,0.749099,83481.23521
Baseline,GradientBoost,140360.2265,0.79983,0.740808,85821.55728
Baseline,XGBoost,132442.3308,0.822692,0.792764,81086.1045
Baseline,MLR,165438.3224,0.730546,0.64195,99552.4888
Baseline,CatBoost,137694.1257,0.820339,0.781373,82999.52281
Baseline,RandomForest,133807.9956,0.798167,0.751695,82624.05183
Baseline,GradientBoost,130890.8843,0.821833,0.777674,80802.86287
Baseline,XGBoost,138107.6361,0.808271,0.774702,80803.52621
Baseline,MLR,173221.1757,0.750247,0.6702,98964.15007
Baseline,CatBoost,134546.2435,0.810707,0.761493,80553.62902
Baseline,RandomForest,126506.1347,0.81092,0.767936,78786.06501
Baseline,GradientBoost,140845.6508,0.810116,0.760196,83002.41972
Baseline,XGBoost,130798.704,0.820443,0.787182,78498.60412
Baseline,MLR,170909.4084,0.746115,0.666812,97317.14218
Baseline,CatBoost,133301.6348,0.815742,0.768927,82044.92056
Baseline,RandomForest,130976.01,0.805965,0.757419,80497.50143
Baseline,GradientBoost,124445.2866,0.81179,0.765078,79801.00632
Baseline,XGBoost,130946.0317,0.829929,0.797958,78564.87806
Baseline,MLR,154480.2877,0.745464,0.670196,94634.70676
Baseline,CatBoost,134678.7917,0.812216,0.771204,82226.9764
Baseline,RandomForest,137437.5146,0.812335,0.767542,83596.131
Baseline,GradientBoost,130704.1383,0.813137,0.767802,80370.8758
Baseline,XGBoost,129347.6389,0.822116,0.79449,80007.03792
Baseline,MLR,166430.0059,0.732875,0.627897,95614.52962
Baseline,CatBoost,127398.8176,0.821998,0.780608,78800.84834
Baseline,RandomForest,138531.2993,0.810877,0.761983,83089.08519
Baseline,GradientBoost,133706.033,0.807449,0.764972,82205.66966
Baseline,XGBoost,133548.6625,0.826178,0.79856,79682.96908
Baseline,MLR,170695.3172,0.744942,0.634158,101168.9373
Baseline,CatBoost,123358.799,0.825112,0.781446,77096.23399
Baseline,RandomForest,147157.7145,0.797731,0.74118,88831.97466
Baseline,GradientBoost,140348.0498,0.807709,0.748065,85183.09687
Baseline,XGBoost,140800.0067,0.811088,0.769329,82279.6872
Baseline,MLR,158760.5881,0.745188,0.630646,95540.62926
Baseline,CatBoost,125835.8048,0.823095,0.777902,77847.85779
Baseline,RandomForest,137562.9534,0.811468,0.758642,82729.929
Baseline,GradientBoost,135272.5019,0.802129,0.747996,81789.79376
Baseline,XGBoost,126124.6712,0.82136,0.797733,77338.74594
MCA,MLR,162590.8877,0.725362,0.637891,98537.08613
MCA,CatBoost,131889.4103,0.824439,0.781363,80615.1076
MCA,RandomForest,136756.8834,0.792778,0.744666,82867.79586
MCA,GradientBoost,131582.4806,0.811347,0.755443,80342.34796
MCA,XGBoost,138760.4029,0.817494,0.767437,81080.24211
MCA,MLR,173787.7613,0.747647,0.660236,98408.95012
MCA,CatBoost,134073.3885,0.816496,0.773436,80030.14199
MCA,RandomForest,130034.0659,0.814794,0.774298,79592.89972
MCA,GradientBoost,138289.9876,0.804642,0.741014,83037.38746
MCA,XGBoost,126602.9089,0.825364,0.796591,75920.80003
MCA,MLR,166210.5868,0.719084,0.580037,100254.222
MCA,CatBoost,132874.6717,0.816261,0.76917,79701.79147
MCA,RandomForest,134987.2675,0.809931,0.755995,81309.96902
MCA,GradientBoost,133324.5289,0.818186,0.769132,79992.10133
MCA,XGBoost,130293.948,0.839747,0.802719,76960.27381
MCA,MLR,172282.4332,0.741508,0.642374,98826.38022
MCA,CatBoost,127246.2777,0.816077,0.775519,78488.70102
MCA,RandomForest,139704.2067,0.796673,0.738568,85906.35435
MCA,GradientBoost,136198.3318,0.820285,0.77124,81532.22097
MCA,XGBoost,132586.7528,0.842247,0.815195,77810.98225
MCA,MLR,174951.4671,0.72448,0.637047,100700.3954
MCA,CatBoost,135670.9629,0.809286,0.76068,81270.07707
MCA,RandomForest,139219.8291,0.812425,0.76643,84895.0746
MCA,GradientBoost,126162.4354,0.820272,0.774316,79942.9952
MCA,XGBoost,127685.5522,0.828349,0.79258,78574.51193
MCA,MLR,168440.1292,0.73146,0.630383,100751.0374
MCA,CatBoost,127379.9056,0.818101,0.782245,78377.81901
MCA,RandomForest,135090.8567,0.813691,0.766373,81824.75128
MCA,GradientBoost,131601.5985,0.81493,0.764854,78510.18515
MCA,XGBoost,131630.4998,0.813027,0.778151,79473.43588
MCA,MLR,172522.1951,0.742303,0.636943,99610.69847
MCA,CatBoost,138289.6995,0.816459,0.768983,79695.83278
MCA,RandomForest,132497.6063,0.805673,0.754163,82371.84237
MCA,GradientBoost,134945.5591,0.818173,0.778024,81530.04982
MCA,XGBoost,132431.2323,0.827538,0.78819,77633.71388
MCA,MLR,166422.6168,0.73613,0.635597,97163.17287
MCA,CatBoost,129810.4948,0.824097,0.777835,78921.70227
MCA,RandomForest,135015.4233,0.817,0.761897,82285.24827
MCA,GradientBoost,141505.3963,0.815357,0.760393,83772.47738
MCA,XGBoost,134456.8583,0.828958,0.796576,78756.08934
MCA,MLR,163145.4981,0.746225,0.673491,93430.13303
MCA,CatBoost,127353.4863,0.810439,0.759203,79882.24347
MCA,RandomForest,137728.424,0.805909,0.750567,85673.9898
MCA,GradientBoost,134184.1508,0.809634,0.766452,83086.91073
MCA,XGBoost,130650.3051,0.81742,0.780306,79724.71072
MCA,MLR,162753.9804,0.74159,0.637578,96836.81199
MCA,CatBoost,126678.118,0.820257,0.779797,78697.72336
MCA,RandomForest,138964.8321,0.813762,0.759199,83123.35204
MCA,GradientBoost,140360.077,0.812143,0.764927,83796.45908
MCA,XGBoost,121685.5551,0.827168,0.797709,73761.89061
MCA,MLR,162483.7784,0.742542,0.638091,96779.77545
MCA,CatBoost,135477.0315,0.809132,0.758964,80855.70043
MCA,RandomForest,130719.1854,0.82432,0.783982,80815.72644
MCA,GradientBoost,135110.9161,0.795325,0.738667,82631.73349
MCA,XGBoost,138333.9596,0.827134,0.790547,80138.77892
MCA,MLR,179266.2795,0.722545,0.606097,103812.2922
MCA,CatBoost,139262.0808,0.810809,0.75565,82765.63869
MCA,RandomForest,127661.8209,0.797255,0.75555,80199.20507
MCA,GradientBoost,127749.5626,0.820101,0.773708,80594.9732
MCA,XGBoost,137764.3752,0.818178,0.783152,81538.37662
MCA,MLR,152367.6258,0.75422,0.663121,93726.65079
MCA,CatBoost,125884.0501,0.824842,0.783493,78561.65532
MCA,RandomForest,145922.6249,0.786225,0.72604,87037.77839
MCA,GradientBoost,140844.7149,0.79042,0.737748,83811.84256
MCA,XGBoost,139261.6447,0.808136,0.766768,80298.03349
MCA,MLR,169591.8126,0.741549,0.656854,98202.85546
MCA,CatBoost,138332.0564,0.825056,0.783169,83641.19144
MCA,RandomForest,142140.7842,0.801743,0.742012,85887.3147
MCA,GradientBoost,136267.8027,0.818385,0.765528,79994.21734
MCA,XGBoost,130538.3336,0.830151,0.795681,78580.98685
MCA,MLR,187495.4707,0.733683,0.639378,106568.6347
MCA,CatBoost,140539.9703,0.802986,0.753248,83150.12257
MCA,RandomForest,139797.9179,0.8042,0.746865,83728.185
MCA,GradientBoost,132403.2844,0.825885,0.786382,80503.51939
MCA,XGBoost,135515.2183,0.830542,0.797893,78699.63669
MCA,MLR,163594.1498,0.728012,0.608801,99776.0962
MCA,CatBoost,139341.079,0.811848,0.755488,81803.07852
MCA,RandomForest,147782.9548,0.807734,0.747362,85594.64696
MCA,GradientBoost,134531.1088,0.835727,0.793469,82613.92008
MCA,XGBoost,134339.6845,0.829966,0.789607,78538.376
MCA,MLR,179781.8667,0.720514,0.642076,103366.6232
MCA,CatBoost,129910.1555,0.832676,0.788468,80173.67813
MCA,RandomForest,143831.9544,0.801888,0.744659,84587.39381
MCA,GradientBoost,139311.5512,0.812298,0.771503,83865.46993
MCA,XGBoost,131247.3427,0.827036,0.796819,79881.24709
MCA,MLR,168099.7498,0.744169,0.653945,99022.54146
MCA,CatBoost,132470.6979,0.829093,0.783042,81004.44806
MCA,RandomForest,142451.4339,0.797069,0.737074,85932.81762
MCA,GradientBoost,143987.9031,0.804955,0.748346,84794.22273
MCA,XGBoost,128733.4362,0.82817,0.793503,78624.98619
MCA,MLR,163047.1918,0.750552,0.658856,97099.51757
MCA,CatBoost,131201.5127,0.821073,0.778382,81827.2096
MCA,RandomForest,141919.2582,0.814159,0.762483,85416.74399
MCA,GradientBoost,137450.7143,0.790779,0.736208,85372.10647
MCA,XGBoost,143332.0573,0.816492,0.779641,81365.29788
MCA,MLR,166350.6771,0.731746,0.629474,95672.63817
MCA,CatBoost,129536.7054,0.832692,0.788826,80342.28896
MCA,RandomForest,145039.3363,0.805389,0.75577,85908.51874
MCA,GradientBoost,144923.2411,0.8046,0.750313,86932.38873
MCA,XGBoost,141151.4456,0.810991,0.768329,79536.64662
JamesStein,MLR,147128.3925,0.850744,0.822013,73464.06054
JamesStein,CatBoost,82004.98072,0.916639,0.907647,49827.60554
JamesStein,RandomForest,87947.36755,0.905937,0.887722,48188.86019
JamesStein,GradientBoost,88823.16738,0.913212,0.902915,53009.71757
JamesStein,XGBoost,79454.89704,0.924832,0.915821,44933.86866
JamesStein,MLR,161551.9454,0.843528,0.823843,79434.51759
JamesStein,CatBoost,91443.44087,0.904027,0.887647,54149.48374
JamesStein,RandomForest,89074.49253,0.908846,0.889603,48273.79658
JamesStein,GradientBoost,88295.63269,0.905627,0.891702,53824.61276
JamesStein,XGBoost,70579.49663,0.941582,0.936003,43654.55917
JamesStein,MLR,146718.5895,0.850974,0.83828,77728.68869
JamesStein,CatBoost,90379.11397,0.912921,0.900111,51007.19661
JamesStein,RandomForest,88298.90383,0.893619,0.875093,48455.38935
JamesStein,GradientBoost,95920.44872,0.896028,0.879916,55938.19333
JamesStein,XGBoost,74761.2269,0.930145,0.924425,44714.93932
JamesStein,MLR,134207.894,0.847099,0.819208,72221.66709
JamesStein,CatBoost,85732.28522,0.916851,0.905365,49223.58497
JamesStein,RandomForest,82759.36944,0.912316,0.898696,46576.31884
JamesStein,GradientBoost,93103.65122,0.907735,0.893055,54671.11357
JamesStein,XGBoost,79110.50978,0.936078,0.927779,46535.60771
JamesStein,MLR,148746.916,0.84944,0.83222,75679.34934
JamesStein,CatBoost,95831.02377,0.898518,0.879237,51957.19234
JamesStein,RandomForest,94627.81503,0.894703,0.873276,51079.47523
JamesStein,GradientBoost,92291.55618,0.907427,0.893483,53430.03156
JamesStein,XGBoost,77456.02189,0.932554,0.925485,44005.43566
JamesStein,MLR,128485.8147,0.848176,0.814806,70814.31673
JamesStein,CatBoost,81687.71454,0.913829,0.902499,50893.6629
JamesStein,RandomForest,83982.75303,0.902889,0.885283,47496.58784
JamesStein,GradientBoost,87631.10648,0.90069,0.883162,54267.97044
JamesStein,XGBoost,77128.47426,0.922729,0.913979,46415.25945
JamesStein,MLR,147850.6032,0.841348,0.814845,73299.05392
JamesStein,CatBoost,77883.81117,0.921797,0.913092,49025.69284
JamesStein,RandomForest,84388.05973,0.901083,0.882659,48067.34289
JamesStein,GradientBoost,88679.09833,0.903312,0.88896,54034.97279
JamesStein,XGBoost,76990.34955,0.932375,0.924621,45317.75503
JamesStein,MLR,141701.3319,0.84427,0.815516,75755.26875
JamesStein,CatBoost,83997.94206,0.914042,0.901587,51179.28554
JamesStein,RandomForest,98276.97447,0.89735,0.878166,52243.96498
JamesStein,GradientBoost,95415.07568,0.895872,0.878585,55751.17344
JamesStein,XGBoost,81244.18278,0.93562,0.927859,44825.60694
JamesStein,MLR,123900.3662,0.850467,0.818439,69321.75458
JamesStein,CatBoost,75678.98984,0.928733,0.920766,46736.0949
JamesStein,RandomForest,81281.22667,0.900398,0.88378,47266.3751
JamesStein,GradientBoost,93124.58054,0.899319,0.883534,54713.53236
JamesStein,XGBoost,78738.71002,0.927152,0.919739,44080.78035
JamesStein,MLR,161271.7086,0.838874,0.81139,79995.21182
JamesStein,CatBoost,78479.27089,0.914087,0.899825,48813.51172
JamesStein,RandomForest,96450.36738,0.894249,0.87314,52230.54482
JamesStein,GradientBoost,95060.12539,0.903993,0.88728,55416.48785
JamesStein,XGBoost,76713.61139,0.936261,0.930309,43921.43452
JamesStein,MLR,144739.7205,0.851679,0.827216,74925.91846
JamesStein,CatBoost,91786.39524,0.908725,0.896318,50601.03914
JamesStein,RandomForest,90177.25818,0.895957,0.875816,49618.60866
JamesStein,GradientBoost,96967.47444,0.906478,0.89464,56655.65894
JamesStein,XGBoost,83151.40981,0.925515,0.918069,46492.23688
JamesStein,MLR,148794.6866,0.846233,0.818053,74885.65461
JamesStein,CatBoost,96628.0193,0.897985,0.882669,53516.7892
JamesStein,RandomForest,81129.65854,0.907467,0.890088,47486.15629
JamesStein,GradientBoost,95527.17448,0.907222,0.893771,55762.34979
JamesStein,XGBoost,82267.7018,0.931609,0.922461,45772.18334
JamesStein,MLR,134095.4166,0.840582,0.806914,73931.4617
JamesStein,CatBoost,80979.10528,0.918959,0.908581,49603.83027
JamesStein,RandomForest,92111.18783,0.905967,0.888953,48504.99677
JamesStein,GradientBoost,98265.63343,0.903207,0.891319,56514.40036
JamesStein,XGBoost,72467.32037,0.935403,0.929611,44082.47602
JamesStein,MLR,124098.8172,0.862601,0.835325,69849.51339
JamesStein,CatBoost,94062.55491,0.910235,0.89704,52988.79562
JamesStein,RandomForest,78632.40578,0.910882,0.896005,46615.45
JamesStein,GradientBoost,96140.39529,0.902361,0.886948,56306.90653
JamesStein,XGBoost,81744.85025,0.925832,0.917309,47442.57175
JamesStein,MLR,142264.995,0.85457,0.830869,77002.25825
JamesStein,CatBoost,87948.08726,0.914168,0.902525,50229.94082
JamesStein,RandomForest,88865.12208,0.89731,0.877419,48329.23647
JamesStein,GradientBoost,98428.45115,0.894253,0.878802,55790.46022
JamesStein,XGBoost,81642.76533,0.934082,0.926695,45468.15594
JamesStein,MLR,148296.3371,0.850252,0.827144,76405.36039
JamesStein,CatBoost,87932.48812,0.90528,0.892312,51484.01942
JamesStein,RandomForest,90651.22373,0.906835,0.889783,49267.05021
JamesStein,GradientBoost,96396.14103,0.904504,0.889204,55164.02101
JamesStein,XGBoost,78857.88095,0.93321,0.925332,46252.08658
JamesStein,MLR,136339.1047,0.848717,0.819961,73182.08712
JamesStein,CatBoost,86223.40101,0.907237,0.893475,51581.7275
JamesStein,RandomForest,87771.2715,0.89958,0.881679,49145.02544
JamesStein,GradientBoost,99339.1887,0.904297,0.888791,56382.95608
JamesStein,XGBoost,79575.16094,0.932074,0.924867,44240.25315
JamesStein,MLR,141793.3137,0.838079,0.807529,75297.89342
JamesStein,CatBoost,85967.62968,0.923183,0.913012,49914.05446
JamesStein,RandomForest,88638.64813,0.909001,0.896267,48564.71765
JamesStein,GradientBoost,94730.72265,0.905923,0.892618,55624.53689
JamesStein,XGBoost,88610.20734,0.921425,0.909859,49059.5678
JamesStein,MLR,140946.2314,0.861883,0.845634,72257.55427
JamesStein,CatBoost,91260.28079,0.906186,0.891546,51611.09774
JamesStein,RandomForest,89174.85639,0.905803,0.890915,48881.60337
JamesStein,GradientBoost,98084.7956,0.90583,0.89328,56930.73193
JamesStein,XGBoost,78084.93019,0.933665,0.927186,44026.36078
JamesStein,MLR,139869.6706,0.860154,0.840054,73158.37121
JamesStein,CatBoost,86466.87781,0.910641,0.896167,51228.34347
JamesStein,RandomForest,86395.45503,0.907882,0.894673,47842.65351
JamesStein,GradientBoost,89674.21701,0.916701,0.904148,51668.71937
JamesStein,XGBoost,78620.58907,0.94285,0.937651,45309.31039
CatBoostEnc,MLR,147041.9738,0.81413,0.768808,82726.7978
CatBoostEnc,CatBoost,117276.093,0.870018,0.840364,67716.26547
CatBoostEnc,RandomForest,122438.7123,0.856669,0.81901,72048.4969
CatBoostEnc,GradientBoost,120846.254,0.86174,0.837465,70423.76447
CatBoostEnc,XGBoost,107817.1735,0.889788,0.876235,62249.16331
CatBoostEnc,MLR,143461.6669,0.817287,0.784357,81352.32053
CatBoostEnc,CatBoost,120087.887,0.866256,0.835812,70339.54778
CatBoostEnc,RandomForest,121624.7162,0.851934,0.813841,72382.75708
CatBoostEnc,GradientBoost,112991.7691,0.874936,0.852083,67289.93621
CatBoostEnc,XGBoost,114957.5505,0.886859,0.871905,64451.55552
CatBoostEnc,MLR,155186.9109,0.806964,0.740602,84479.89651
CatBoostEnc,CatBoost,117282.8852,0.860961,0.838736,67367.92326
CatBoostEnc,RandomForest,126231.3415,0.851542,0.813651,74184.26539
CatBoostEnc,GradientBoost,117803.605,0.86041,0.839367,69382.42378
CatBoostEnc,XGBoost,121068.336,0.871686,0.845874,66798.31647
CatBoostEnc,MLR,141892.4014,0.832251,0.7986,80162.72457
CatBoostEnc,CatBoost,117438.8121,0.87509,0.855574,67404.33974
CatBoostEnc,RandomForest,114462.938,0.860859,0.831482,69579.04507
CatBoostEnc,GradientBoost,117568.673,0.873387,0.851081,71932.98003
CatBoostEnc,XGBoost,117776.2535,0.889074,0.869426,64992.07635
CatBoostEnc,MLR,143897.6573,0.812394,0.764367,83099.78163
CatBoostEnc,CatBoost,115683.6257,0.878227,0.853499,67884.60437
CatBoostEnc,RandomForest,118984.9355,0.844733,0.814898,71231.3762
CatBoostEnc,GradientBoost,120374.2145,0.862748,0.838457,71512.99084
CatBoostEnc,XGBoost,105308.986,0.885971,0.866269,62338.75653
CatBoostEnc,MLR,156991.5414,0.807105,0.765548,83688.40351
CatBoostEnc,CatBoost,123783.5754,0.864978,0.838613,69843.87313
CatBoostEnc,RandomForest,114983.8969,0.845861,0.813324,69437.36467
CatBoostEnc,GradientBoost,116168.205,0.870287,0.843582,67226.81031
CatBoostEnc,XGBoost,123094.748,0.872773,0.84675,66717.04166
CatBoostEnc,MLR,1.22E+19,-3.674596,0.123145,2.71E+17
CatBoostEnc,CatBoost,124355.2197,0.873828,0.848547,69682.49844
CatBoostEnc,RandomForest,119371.6685,0.854638,0.82522,71564.37721
CatBoostEnc,GradientBoost,115391.531,0.864563,0.841137,68653.55144
CatBoostEnc,XGBoost,122692.1425,0.872974,0.845182,66355.69003
CatBoostEnc,MLR,140367.1745,0.826159,0.788597,82112.19487
CatBoostEnc,CatBoost,111304.3371,0.881757,0.858711,66199.6192
CatBoostEnc,RandomForest,121416.4308,0.864712,0.834313,72445.66637
CatBoostEnc,GradientBoost,127596.8158,0.84551,0.810603,71996.90478
CatBoostEnc,XGBoost,115615.7391,0.881797,0.863869,65054.5691
CatBoostEnc,MLR,146015.6936,0.818372,0.782889,81806.04181
CatBoostEnc,CatBoost,121323.728,0.852496,0.824919,67895.84199
CatBoostEnc,RandomForest,123428.8369,0.862931,0.832344,72723.13419
CatBoostEnc,GradientBoost,120208.451,0.856873,0.83237,71926.6932
CatBoostEnc,XGBoost,112866.3898,0.888643,0.868273,64440.786
CatBoostEnc,MLR,148413.4552,0.815834,0.77393,87292.54712
CatBoostEnc,CatBoost,110946.9429,0.878233,0.856298,64687.94162
CatBoostEnc,RandomForest,120962.72,0.842551,0.804769,73796.20549
CatBoostEnc,GradientBoost,115719.6263,0.857764,0.834113,69613.64547
CatBoostEnc,XGBoost,109066.6381,0.888246,0.868671,62767.77425
CatBoostEnc,MLR,151879.4491,0.803153,0.763197,82834.67286
CatBoostEnc,CatBoost,112736.6998,0.876073,0.852531,67391.59369
CatBoostEnc,RandomForest,131362.7149,0.84095,0.797647,75072.57112
CatBoostEnc,GradientBoost,114787.1175,0.873616,0.855112,67797.07888
CatBoostEnc,XGBoost,111813.3261,0.885926,0.86496,62870.62264
CatBoostEnc,MLR,144175.1201,0.812268,0.768836,83298.55065
CatBoostEnc,CatBoost,112368.2485,0.871403,0.84383,67366.69117
CatBoostEnc,RandomForest,120068.1193,0.856016,0.818291,70964.85574
CatBoostEnc,GradientBoost,126396.7187,0.85478,0.823886,72428.01285
CatBoostEnc,XGBoost,117745.7314,0.877332,0.85157,64893.33234
CatBoostEnc,MLR,151192.6804,0.812642,0.778023,85631.89982
CatBoostEnc,CatBoost,120237.4931,0.870249,0.84758,66196.89114
CatBoostEnc,RandomForest,120574.2066,0.862058,0.833234,71145.95332
CatBoostEnc,GradientBoost,127103.0136,0.857851,0.830197,70573.82621
CatBoostEnc,XGBoost,108790.1102,0.884599,0.867816,63174.37628
CatBoostEnc,MLR,139875.4593,0.818538,0.780985,81502.22172
CatBoostEnc,CatBoost,110656.4998,0.878694,0.856353,65834.7216
CatBoostEnc,RandomForest,117843.9253,0.855079,0.827688,70769.25525
CatBoostEnc,GradientBoost,114339.1676,0.861542,0.842217,68275.56737
CatBoostEnc,XGBoost,103729.2006,0.888915,0.870434,62510.33778
CatBoostEnc,MLR,137667.1359,0.82652,0.799914,80704.07076
CatBoostEnc,CatBoost,110848.9499,0.882085,0.861863,66863.26148
CatBoostEnc,RandomForest,125967.2411,0.85742,0.823841,74400.13046
CatBoostEnc,GradientBoost,121989.3001,0.855029,0.82472,71517.73605
CatBoostEnc,XGBoost,116081.5744,0.870269,0.846834,64407.35712
CatBoostEnc,MLR,151441.2648,0.81566,0.783218,85272.45825
CatBoostEnc,CatBoost,119260.5707,0.865272,0.842019,69407.78968
CatBoostEnc,RandomForest,119820.6395,0.849542,0.810008,72475.07087
CatBoostEnc,GradientBoost,128829.5793,0.852792,0.823319,71936.59974
CatBoostEnc,XGBoost,115475.1986,0.884933,0.866749,65188.2333
CatBoostEnc,MLR,142549.0663,0.805723,0.758413,81023.10076
CatBoostEnc,CatBoost,110773.1553,0.884625,0.866554,64543.74203
CatBoostEnc,RandomForest,128495.1642,0.850082,0.811558,74219.276
CatBoostEnc,GradientBoost,118853.7884,0.875005,0.851562,69700.28759
CatBoostEnc,XGBoost,107551.8836,0.891642,0.877354,62917.1606
CatBoostEnc,MLR,148536.371,0.818071,0.783865,82760.11941
CatBoostEnc,CatBoost,119391.7265,0.878012,0.85539,68065.2642
CatBoostEnc,RandomForest,123461.7388,0.857206,0.81881,72689.62485
CatBoostEnc,GradientBoost,126563.3968,0.844887,0.814363,73097.61614
CatBoostEnc,XGBoost,105498.0946,0.890296,0.877937,59470.9126
CatBoostEnc,MLR,139613.3855,0.829819,0.786265,83400.69276
CatBoostEnc,CatBoost,112787.5962,0.879651,0.852526,66242.77758
CatBoostEnc,RandomForest,127996.8518,0.848565,0.81875,74657.29776
CatBoostEnc,GradientBoost,120279.7636,0.865192,0.845058,71155.5412
CatBoostEnc,XGBoost,116690.5632,0.869438,0.844321,65196.48663
CatBoostEnc,MLR,150927.0949,0.821272,0.793942,79966.57459
CatBoostEnc,CatBoost,118647.2647,0.871687,0.845765,68130.11779
CatBoostEnc,RandomForest,134897.5911,0.852892,0.813938,76545.30347
CatBoostEnc,GradientBoost,118441.3433,0.863831,0.837945,70332.3532
CatBoostEnc,XGBoost,115485.4092,0.876905,0.851217,65412.40308
TargetMean,MLR,125469.3848,0.852001,0.820126,76802.54478
TargetMean,CatBoost,89755.03161,0.894837,0.880322,55770.44881
TargetMean,RandomForest,94481.34774,0.902196,0.883934,53043.31077
TargetMean,GradientBoost,100313.5576,0.895407,0.87913,57662.6473
TargetMean,XGBoost,83977.85823,0.919424,0.90959,48876.903
TargetMean,MLR,122204.7455,0.825657,0.802519,75179.4707
TargetMean,CatBoost,91339.85737,0.909755,0.895267,54233.78918
TargetMean,RandomForest,97154.83134,0.906394,0.891171,52141.00845
TargetMean,GradientBoost,95862.97599,0.899724,0.886354,56854.77347
TargetMean,XGBoost,82581.3339,0.920734,0.91191,49176.28932
TargetMean,MLR,135901.0163,0.835252,0.804557,77568.44932
TargetMean,CatBoost,89617.39749,0.909161,0.896088,53953.08471
TargetMean,RandomForest,95544.43228,0.897959,0.88184,52589.03236
TargetMean,GradientBoost,93434.98137,0.900501,0.88279,55213.64114
TargetMean,XGBoost,75138.18437,0.92382,0.917014,47582.88334
TargetMean,MLR,129950.8583,0.838713,0.816509,78856.11774
TargetMean,CatBoost,96585.42008,0.901133,0.884185,55539.37353
TargetMean,RandomForest,92501.4541,0.902278,0.886473,51651.63727
TargetMean,GradientBoost,90547.9588,0.894436,0.875947,54088.91964
TargetMean,XGBoost,83372.1242,0.927782,0.919249,49812.23573
TargetMean,MLR,129807.6504,0.84379,0.814254,78091.95186
TargetMean,CatBoost,95924.09532,0.903423,0.889537,54025.80972
TargetMean,RandomForest,99808.88691,0.884764,0.863793,53931.63707
TargetMean,GradientBoost,86432.9022,0.902275,0.892315,55667.3824
TargetMean,XGBoost,79016.39126,0.917142,0.906471,47823.28914
TargetMean,MLR,131495.1483,0.833701,0.795628,76382.61094
TargetMean,CatBoost,90127.69307,0.893875,0.87558,55805.27062
TargetMean,RandomForest,84205.73563,0.899115,0.885978,51002.29461
TargetMean,GradientBoost,98334.24633,0.898635,0.880592,57453.13788
TargetMean,XGBoost,83554.86831,0.926358,0.917045,49364.56668
TargetMean,MLR,140698.6168,0.829761,0.80399,77273.87254
TargetMean,CatBoost,89676.50228,0.901136,0.884899,54426.71143
TargetMean,RandomForest,94387.90989,0.901264,0.882539,53292.05325
TargetMean,GradientBoost,100003.7412,0.887155,0.870003,57977.95658
TargetMean,XGBoost,86235.88253,0.923744,0.914239,49828.74121
TargetMean,MLR,3.04E+15,-1.720706,0.207776,6.78E+13
TargetMean,CatBoost,100126.3011,0.891319,0.87149,56138.14967
TargetMean,RandomForest,96647.55172,0.887594,0.867017,53610.60696
TargetMean,GradientBoost,96182.03499,0.897734,0.885895,57946.73088
TargetMean,XGBoost,84935.94658,0.918421,0.90763,49284.27921
TargetMean,MLR,127587.9228,0.8388,0.804607,74916.37601
TargetMean,CatBoost,104632.5573,0.898636,0.881076,57665.17383
TargetMean,RandomForest,98646.34185,0.883712,0.861393,54894.63277
TargetMean,GradientBoost,92692.66797,0.895906,0.881884,55547.20143
TargetMean,XGBoost,77975.86759,0.910989,0.901068,49560.84477
TargetMean,MLR,132690.6178,0.838183,0.805539,79378.70699
TargetMean,CatBoost,87094.83661,0.911905,0.901312,54388.67192
TargetMean,RandomForest,100067.7016,0.889883,0.872121,53406.50665
TargetMean,GradientBoost,98562.33701,0.89123,0.873011,58325.2599
TargetMean,XGBoost,78501.94852,0.919188,0.911792,48067.08382
TargetMean,MLR,138571.7266,0.839573,0.813709,80208.20981
TargetMean,CatBoost,89461.58191,0.906623,0.890918,54807.25007
TargetMean,RandomForest,88206.85097,0.897591,0.880436,51778.84353
TargetMean,GradientBoost,92137.11976,0.906317,0.891609,56037.65077
TargetMean,XGBoost,82831.18291,0.920563,0.913478,49558.61709
TargetMean,MLR,134306.1877,0.838386,0.805689,79824.08866
TargetMean,CatBoost,95118.75661,0.905756,0.892333,53697.20679
TargetMean,RandomForest,95293.84839,0.89504,0.878121,53856.54383
TargetMean,GradientBoost,91649.18659,0.902497,0.889491,55850.71577
TargetMean,XGBoost,79707.16368,0.922706,0.91236,48505.76678
TargetMean,MLR,128901.8814,0.842554,0.812484,76995.75177
TargetMean,CatBoost,91247.19337,0.904195,0.889245,55153.45149
TargetMean,RandomForest,89352.97313,0.891763,0.872227,52257.96647
TargetMean,GradientBoost,92002.27589,0.894088,0.878891,57475.98585
TargetMean,XGBoost,80626.25835,0.927435,0.918494,48060.87517
TargetMean,MLR,8.08E+15,-1.707232,0.203981,1.80E+14
TargetMean,CatBoost,96894.85814,0.90759,0.892443,55983.9417
TargetMean,RandomForest,102624.4929,0.879481,0.858523,54069.94932
TargetMean,GradientBoost,89815.24737,0.908659,0.898386,56156.55395
TargetMean,XGBoost,90352.29818,0.92448,0.91404,51909.17462
TargetMean,MLR,125155.0594,0.850973,0.825547,77353.88182
TargetMean,CatBoost,81397.51299,0.917021,0.907645,50887.53931
TargetMean,RandomForest,89092.23834,0.899672,0.881702,51526.96889
TargetMean,GradientBoost,95469.00864,0.906575,0.893727,55979.35095
TargetMean,XGBoost,79013.04553,0.927693,0.917655,48586.91354
TargetMean,MLR,131564.0094,0.856688,0.827415,73271.23026
TargetMean,CatBoost,101245.1914,0.899223,0.885379,57147.02615
TargetMean,RandomForest,87281.86138,0.892293,0.876901,50428.03444
TargetMean,GradientBoost,90047.26955,0.892898,0.87857,55020.89573
TargetMean,XGBoost,81949.87092,0.917822,0.905995,48347.30163
TargetMean,MLR,129398.4392,0.841701,0.810859,76943.79629
TargetMean,CatBoost,89168.02336,0.907163,0.891715,54099.50853
TargetMean,RandomForest,93789.66199,0.88659,0.867054,53998.76932
TargetMean,GradientBoost,94322.04846,0.901301,0.888247,57191.76417
TargetMean,XGBoost,84132.81011,0.918285,0.909921,49327.07297
TargetMean,MLR,125211.6671,0.854823,0.828884,73681.13006
TargetMean,CatBoost,94295.45106,0.902773,0.887991,56396.15593
TargetMean,RandomForest,91697.60389,0.90369,0.885541,52885.29223
TargetMean,GradientBoost,97269.29306,0.888683,0.872904,57028.80135
TargetMean,XGBoost,86077.0898,0.915685,0.905072,50783.27151
TargetMean,MLR,123868.0171,0.851202,0.822641,78100.39464
TargetMean,CatBoost,88908.10512,0.898134,0.883751,53569.76309
TargetMean,RandomForest,93198.29841,0.883901,0.865389,53899.82272
TargetMean,GradientBoost,92551.51001,0.893049,0.879372,57198.92022
TargetMean,XGBoost,83425.77876,0.918253,0.90757,48164.33374
TargetMean,MLR,124112.886,0.852315,0.823348,76410.66441
TargetMean,CatBoost,93530.29678,0.905299,0.890321,55232.1754
TargetMean,RandomForest,95189.20543,0.892028,0.870475,54408.3325
TargetMean,GradientBoost,100512.8647,0.900119,0.884627,58985.04541
TargetMean,XGBoost,89265.11859,0.923012,0.914763,50416.62672
KMode,MLR,138138.8739,0.803398,0.744598,85070.35874
KMode,CatBoost,117692.1338,0.84804,0.807716,74118.23547
KMode,RandomForest,138262.7055,0.821528,0.771542,81511.9579
KMode,GradientBoost,125076.7193,0.840743,0.806585,75424.62158
KMode,XGBoost,123566.1158,0.863506,0.832791,71929.46213
KMode,MLR,141921.7044,0.79235,0.736463,85589.10782
KMode,CatBoost,119318.5299,0.85303,0.822793,72958.77448
KMode,RandomForest,125516.6743,0.82663,0.787951,76203.71388
KMode,GradientBoost,123251.339,0.842707,0.808999,74303.42979
KMode,XGBoost,121839.4038,0.860714,0.832902,72705.31677
KMode,MLR,149634.0423,0.786499,0.736668,87374.96909
KMode,CatBoost,134999.2453,0.846075,0.801135,77852.60848
KMode,RandomForest,140502.328,0.805991,0.756083,83541.61945
KMode,GradientBoost,124820.529,0.850027,0.813605,75743.44489
KMode,XGBoost,131158.0404,0.840403,0.805133,71151.82963
KMode,MLR,148438.9743,0.797388,0.735278,85622.06682
KMode,CatBoost,130671.2531,0.848636,0.813095,75962.1046
KMode,RandomForest,128625.7975,0.821629,0.764374,78197.12786
KMode,GradientBoost,126683.8665,0.837747,0.806344,75552.35472
KMode,XGBoost,115546.2483,0.86424,0.838611,69791.69661
KMode,MLR,161491.1342,0.794514,0.724889,90491.66424
KMode,CatBoost,127268.8767,0.851139,0.813101,75517.34843
KMode,RandomForest,134292.4575,0.822144,0.781173,79963.11663
KMode,GradientBoost,133428.0255,0.838161,0.793402,78992.81532
KMode,XGBoost,124635.0723,0.846884,0.811915,72590.48272
KMode,MLR,145519.7621,0.796599,0.738047,86256.23298
KMode,CatBoost,127900.2569,0.853974,0.826744,77004.85201
KMode,RandomForest,129103.6161,0.820137,0.776572,77684.60498
KMode,GradientBoost,123411.553,0.836751,0.79294,75044.74574
KMode,XGBoost,130037.9364,0.864615,0.837077,73317.76951
KMode,MLR,167518.4018,0.774102,0.715178,86981.24531
KMode,CatBoost,120099.5443,0.861906,0.823636,73713.62965
KMode,RandomForest,131309.6216,0.823385,0.7714,79046.39855
KMode,GradientBoost,128913.7309,0.837626,0.807608,76308.95194
KMode,XGBoost,124222.0369,0.857603,0.828076,72735.51117
KMode,MLR,144470.2477,0.782295,0.727248,90080.34038
KMode,CatBoost,123890.2482,0.856877,0.820558,72148.01191
KMode,RandomForest,138307.6286,0.805832,0.751596,83118.09003
KMode,GradientBoost,130313.7515,0.835534,0.792487,80053.84176
KMode,XGBoost,123958.922,0.848821,0.819336,72384.75533
KMode,MLR,141338.7327,0.804261,0.749029,83205.84761
KMode,CatBoost,127447.4131,0.856385,0.821849,74969.44425
KMode,RandomForest,120668.2002,0.836223,0.794034,74561.39757
KMode,GradientBoost,138520.4777,0.82428,0.78226,79653.65911
KMode,XGBoost,120876.016,0.866167,0.836369,71981.9984
KMode,MLR,147341.7216,0.806731,0.747552,87348.3991
KMode,CatBoost,117433.6495,0.836494,0.808182,73151.89897
KMode,RandomForest,142045.3756,0.835502,0.781097,83172.46144
KMode,GradientBoost,131316.068,0.846325,0.807281,77008.29002
KMode,XGBoost,124273.8829,0.859431,0.833601,72744.43986
KMode,MLR,150219.3396,0.786571,0.720522,88954.36595
KMode,CatBoost,119601.585,0.841058,0.810206,74264.60185
KMode,RandomForest,123217.6077,0.829133,0.79349,76538.26064
KMode,GradientBoost,123014.4405,0.842999,0.806114,76840.89296
KMode,XGBoost,123171.7915,0.862196,0.835103,72279.1485
KMode,MLR,137841.1809,0.793957,0.735941,84064.55837
KMode,CatBoost,133663.7345,0.837527,0.79498,78867.53183
KMode,RandomForest,132242.6318,0.826418,0.776939,77391.08942
KMode,GradientBoost,128853.0023,0.826661,0.793246,76600.01746
KMode,XGBoost,129367.2553,0.855553,0.822058,73127.52437
KMode,MLR,170151.7948,0.78816,0.731218,90185.41574
KMode,CatBoost,125055.8359,0.837125,0.801368,74548.33294
KMode,RandomForest,137096.4396,0.831456,0.782025,81903.97978
KMode,GradientBoost,126119.954,0.839487,0.794913,75888.97001
KMode,XGBoost,124171.3392,0.853385,0.827932,71049.83944
KMode,MLR,152375.9436,0.782465,0.723031,89355.76063
KMode,CatBoost,123412.6798,0.845916,0.80476,72776.94953
KMode,RandomForest,131629.4429,0.832389,0.789707,78916.9916
KMode,GradientBoost,132109.0304,0.837956,0.794389,79899.8502
KMode,XGBoost,118402.6584,0.856126,0.82513,71880.35386
KMode,MLR,153828.9766,0.803011,0.763139,89232.83926
KMode,CatBoost,115943.4131,0.849076,0.814,71245.43845
KMode,RandomForest,124155.3099,0.802478,0.753746,77354.14911
KMode,GradientBoost,126050.2985,0.82468,0.789445,75075.14655
KMode,XGBoost,120479.172,0.854906,0.833131,68861.45274
KMode,MLR,150207.8776,0.794364,0.727407,88483.34921
KMode,CatBoost,133900.8835,0.8273,0.780498,79338.24375
KMode,RandomForest,137685.7958,0.841288,0.789773,80575.5565
KMode,GradientBoost,127287.6025,0.828518,0.784146,76079.44192
KMode,XGBoost,122551.5103,0.851005,0.8192,70489.66543
KMode,MLR,155695.2179,0.793799,0.737138,86567.4872
KMode,CatBoost,122884.7337,0.84516,0.80632,75230.56412
KMode,RandomForest,140465.2495,0.823565,0.768184,80206.30933
KMode,GradientBoost,127749.3595,0.828481,0.783057,77375.36588
KMode,XGBoost,124623.194,0.85365,0.820581,71517.60953
KMode,MLR,159199.5154,0.791946,0.720698,88769.4761
KMode,CatBoost,126143.3885,0.84547,0.804793,75163.47323
KMode,RandomForest,127873.0948,0.8427,0.805056,77340.59707
KMode,GradientBoost,124160.1091,0.839364,0.804748,76045.9314
KMode,XGBoost,113003.6201,0.870155,0.841923,67313.07377
KMode,MLR,141867.7544,0.795579,0.732871,84454.16881
KMode,CatBoost,129486.6313,0.841583,0.801342,75340.95968
KMode,RandomForest,130767.3846,0.836942,0.791478,77722.97942
KMode,GradientBoost,139577.0845,0.830825,0.777754,79486.51236
KMode,XGBoost,124585.0883,0.858908,0.825588,71681.75943
KMode,MLR,157888.9844,0.781575,0.712978,88546.68732
KMode,CatBoost,130118.9186,0.831801,0.788177,76534.50385
KMode,RandomForest,134222.0368,0.812373,0.765607,81630.15967
KMode,GradientBoost,134822.4168,0.833244,0.790691,79479.31516
KMode,XGBoost,118058.3994,0.854422,0.828461,69768.25415
